clin_group,n,cons_mean,cons_median,sift_mean,sift_median,polyphen_missing_rate,core_domain_rate
benign,137,0.6464368932644811,0.6451612903225806,0.23642335766423359,0.14,0.7445255474452555,0.3284671532846715
pathogenic,211,0.9464913621770372,1.0,0.0185781990521327,0.0,0.985781990521327,0.08530805687203792
vus,567,0.756583539098334,0.7741935483870968,0.13,0.025,0.7848324514991182,0.19753086419753085
